TFs,Expr_Fraction_30,Mean_Expr_30
14-3-3epsilon,1.0,11.5642601338
14-3-3zeta,1.0,10.6496994583
ab,0.333333333333,2.56070016538
abd-A,0.0,0.0
Abd-B,0.0,0.0
abo,0.166666666667,0.738022018077
abs,0.166666666667,1.29920332396
ac,0.0,0.0
Acf,0.166666666667,0.905348840452
achi,0.0,0.0
acj6,0.666666666667,5.56834664438
Ada2a,0.0,0.0
Ada2b,0.0,0.0
ADD1,0.333333333333,3.77793813187
Adf1,0.666666666667,5.94710606956
adp,0.166666666667,1.64439973426
Aef1,0.166666666667,2.00060154912
al,0.0,0.0
Alh,0.0,0.0
amos,0.0,0.0
Antp,0.0,0.0
aop,0.0,0.0
ap,0.0,0.0
apt,0.0,0.0
ara,0.0,0.0
Asciz,0.0,0.0
ase,0.0,0.0
ash1,0.166666666667,1.77230914803
ash2,0.166666666667,1.20839541442
Atac3,0.0,0.0
ATbp,0.0,0.0
Atf-2,0.0,0.0
Atf3,0.166666666667,1.76582774835
Atf6,0.0,0.466152164962
ato,0.0,0.0
Awh,0.0,0.0
az2,0.0,0.0
B-H1,0.0,0.0
B-H2,0.0,0.0
bab1,0.166666666667,1.1275244017
bab2,0.333333333333,3.08128641747
baf,0.666666666667,4.13641556586
bap,0.0,0.0
Bap111,0.333333333333,2.01894087734
Bap170,0.0,0.0
bbx,0.0,0.0
bcd,0.0,0.0
BEAF-32,0.5,4.15690813136
betaNACtes3,0.0,0.0
Bgb,0.666666666667,5.85136906032
bi,1.0,8.18985982099
bic,0.833333333333,6.90438743384
BigH1,0.0,0.0
bigmax,0.166666666667,1.44277049344
bin,0.0,0.0
bip2,0.5,4.07835155476
Blimp-1,0.0,0.0
Blm,0.0,0.136856618084
Blos1,0.0,0.0
bon,0.166666666667,1.810186953
bowl,0.0,0.0
br,0.166666666667,0.707993551703
Br140,0.0,0.0
brat,0.5,4.49948404495
brk,0.0,0.0
brm,0.333333333333,2.59773152661
Bro,0.0,0.0
bs,0.166666666667,1.5896216752
bsh,0.0,0.0
BtbVII,0.0,0.0
btd,0.166666666667,1.41059636506
btn,0.166666666667,0.981967212418
btsz,0.0,0.0
Bug22,0.0,0.0
BuGZ,0.5,4.45225541105
bun,0.666666666667,6.34220717756
Bx,0.5,3.75645809126
byn,0.0,0.0
C15,0.0,0.0
cad,0.0,0.40948724968
Camta,0.333333333333,3.3439386637
Cap-D2,0.0,0.0
capu,0.333333333333,2.1844965232
cas,0.0,0.0
cato,0.0,0.0
caup,0.0,0.0
cbt,0.166666666667,1.46168002483
CDC45L,0.166666666667,1.59199600582
Cdc5,0.0,0.0
Cdk9,0.166666666667,1.57057301255
Cenp-C,0.0,0.0
Cf2,0.166666666667,0.544921250257
cg,0.333333333333,2.83596892474
CG10147,0.0,0.0
CG10209,0.0,0.0
CG10211,0.0,0.0
CG10214,0.166666666667,1.42501267728
CG10232,0.0,0.0
CG1024,0.0,0.0
CG10274,0.166666666667,1.50491545898
CG10321,0.333333333333,2.70926171227
CG10348,0.0,0.0
CG10366,0.333333333333,3.26844860078
CG10431,0.0,0.0
CG10445,0.0,0.0
CG10462,0.0,0.0
CG10543,0.5,3.40904201665
CG10565,0.0,0.0
CG10576,0.666666666667,5.32752561925
CG10631,0.166666666667,1.12316976433
CG10654,0.0,0.0
CG10669,0.0,0.0
CG10949,0.0,0.0
CG10959,0.0,0.0
CG10979,0.0,0.136856618084
CG11085,0.0,0.0
CG11122,0.0,0.0
CG11247,0.5,4.27741754582
CG11294,0.0,0.0
CG11317,0.0,0.0
CG11398,0.0,0.0
CG11403,0.0,0.0
CG11414,0.0,0.17614499037
CG11456,0.166666666667,1.27226232849
CG11617,0.0,0.0
CG11695,0.0,0.0
CG11696,0.0,0.0
CG11723,0.0,0.0
CG11835,0.0,0.0
CG11876,0.166666666667,0.632673234613
CG11902,0.0,0.0
CG11906,0.0,0.0
CG11966,0.0,0.0
CG11970,0.0,0.0
CG12018,0.166666666667,1.57025769835
CG12054,0.5,4.11395790233
CG12071,0.666666666667,5.50139153084
CG12075,0.0,0.0
CG12219,0.0,0.0
CG12236,0.166666666667,1.46039294875
CG12299,0.333333333333,3.20259664184
CG1233,0.166666666667,0.941004427617
CG12391,0.333333333333,2.94059717882
CG12605,0.166666666667,1.22057113265
CG12744,0.0,0.0
CG12769,0.166666666667,1.60377280369
CG12942,0.0,0.425805216535
CG13123,0.0,0.0
CG13185,0.166666666667,0.855785029702
CG13204,0.166666666667,1.5847817975
CG13287,0.0,0.0
CG13296,0.0,0.0
CG13617,0.0,0.0
CG13773,0.0,0.0
CG13775,0.0,0.0
CG13796,0.0,0.0
CG13895,0.166666666667,1.41546624264
CG14117,0.0,0.0
CG14200,0.333333333333,2.13428421157
CG14438,0.0,0.0
CG14441,0.0,0.427160971935
CG14451,0.0,0.0
CG14655,0.0,0.0
CG14667,0.166666666667,1.21049545964
CG14710,0.0,0.0
CG14711,0.166666666667,0.92009376764
CG15011,0.166666666667,1.56594452019
CG15073,0.0,0.0
CG15269,0.0,0.0
CG15286,0.0,0.0
CG1529,0.0,0.0
CG15336,0.0,0.0
CG15398,0.0,0.0
CG15435,0.0,0.0
CG15436,0.0,0.0
CG15440,0.166666666667,1.37887530457
CG15514,0.166666666667,1.41546624264
CG15696,0.0,0.0
CG15710,0.0,0.0
CG15715,0.5,4.21241046563
CG15812,0.333333333333,3.09779713225
CG1602,0.0,0.0
CG1603,0.0,0.0
CG1620,0.166666666667,1.54453903729
CG1647,0.166666666667,1.67832845137
CG1663,0.0,0.0
CG1677,0.333333333333,2.80631595443
CG16779,0.0,0.136856618084
CG16863,0.0,0.0
CG16903,0.333333333333,3.09403064157
CG17118,0.0,0.165653010194
CG17186,0.0,0.0
CG17328,0.0,0.0
CG17359,0.0,0.0
CG17361,0.0,0.0
CG17385,0.333333333333,1.99335953387
CG17568,0.0,0.0
CG17612,0.0,0.0
CG17801,0.0,0.0
CG17802,0.0,0.0
CG17803,0.0,0.0
CG17806,0.166666666667,1.46079141119
CG17829,0.166666666667,1.4703555025
CG1792,0.0,0.0
CG18011,0.0,0.0
CG18012,0.166666666667,1.54822099481
CG18262,0.0,0.0
CG18265,0.0,0.0
CG18446,0.0,0.0
CG18476,0.166666666667,1.54973916431
CG18599,0.0,0.0
CG18764,0.0,0.0
CG1965,0.0,0.233095253217
CG2116,0.0,0.0
CG2120,0.0,0.0
CG2129,0.0,0.0
CG2199,0.0,0.0
CG2202,0.0,0.0
CG2678,0.0,0.0
CG2712,0.0,0.0
CG2790,0.166666666667,0.878254851652
CG2889,0.166666666667,1.33422907807
CG2990,0.0,0.0
CG30020,0.0,0.0
CG3032,0.0,0.0
CG30431,0.0,0.0
CG3065,0.5,4.19730966452
CG31111,0.166666666667,1.29368337539
CG31224,0.0,0.28710707424
CG31365,0.0,0.0
CG31381,0.0,0.0
CG31388,0.166666666667,1.56359642868
CG31441,0.0,0.0
CG31460,0.166666666667,0.942534364507
CG31510,0.0,0.0
CG31612,0.0,0.446422883125
CG31642,0.0,0.0
CG31759,0.0,0.0
CG31875,0.0,0.0
CG31922,0.5,3.42188142624
CG32006,1.0,9.28948739408
CG32121,0.0,0.0
CG32532,0.0,0.0
CG32533,0.0,0.0
CG32719,0.0,0.0
CG32767,0.166666666667,0.729339810752
CG32772,0.333333333333,2.43389815416
CG3281,0.0,0.0
CG33213,0.0,0.0
CG33557,0.0,0.0
CG33695,0.166666666667,1.31866686372
CG3407,0.0,0.0
CG34367,0.0,0.0
CG3491,0.0,0.0
CG3526,0.0,0.0
CG3711,0.0,0.0
CG3726,0.833333333333,5.66891941239
CG3815,0.0,0.0
CG3838,0.333333333333,2.74998954562
CG3847,0.333333333333,2.39376230717
CG3909,0.0,0.0
CG3919,0.166666666667,1.03291096298
CG3995,0.166666666667,1.12641878187
CG4049,0.0,0.0
CG4078,0.0,0.0
CG42724,0.166666666667,0.896610587312
CG42741,0.0,0.0
CG42748,0.333333333333,3.26961988033
CG42795,0.166666666667,0.928837979805
CG4282,0.166666666667,1.1275244017
CG4318,0.0,0.0
CG4328,0.0,0.0
CG43342,0.0,0.0
CG43343,0.0,0.0
CG43347,0.166666666667,1.80889843708
CG4360,0.166666666667,1.63431527009
CG43675,0.0,0.0
CG43689,0.0,0.0
CG4374,0.0,0.0
CG44002,0.0,0.0
CG4404,0.5,4.2746688035
CG4424,0.0,0.0
CG44247,0.666666666667,6.2619963755
CG4496,0.0,0.764500575718
CG45050,0.833333333333,7.0454090851
CG45071,0.0,0.0
CG4557,0.166666666667,1.56300580539
CG4570,0.0,0.0
CG4707,0.333333333333,2.88817862136
CG4730,0.0,0.0
CG4820,0.0,0.0
CG4854,0.0,0.0
CG4882,0.166666666667,1.54453903729
CG4914,0.0,0.0
CG4936,0.0,0.0
CG5204,0.0,0.0
CG5245,0.0,0.0
CG5380,0.0,0.0
CG5641,0.333333333333,3.01013815275
CG5789,0.0,0.0
CG6106,0.0,0.0
CG6254,0.0,0.0
CG6276,0.0,0.0
CG6470,0.0,0.0
CG6654,0.166666666667,1.39823626776
CG6686,0.166666666667,1.54774806129
CG6689,0.333333333333,3.22906531212
CG6701,0.0,0.0
CG6765,0.666666666667,6.58838105953
CG6769,0.333333333333,2.90809861895
CG6791,0.0,0.0
CG6808,0.0,0.0
CG6813,0.0,0.0
CG7099,0.0,0.0
CG7101,0.0,0.0
CG7154,0.166666666667,1.70326862202
CG7246,0.0,0.0
CG7271,0.0,0.0
CG7368,0.0,0.0
CG7372,0.0,0.0
CG7386,0.0,0.0
CG7518,0.333333333333,3.34116002727
CG7556,0.166666666667,1.71758311723
CG7691,0.0,0.0
CG7786,0.5,3.55154360184
CG7839,0.166666666667,1.62443319753
CG7963,0.0,0.0
CG7987,0.5,3.54531495938
CG8089,0.0,0.0
CG8108,0.5,4.58224217972
CG8159,0.0,0.0
CG8301,0.333333333333,3.23576777282
CG8319,0.0,0.0
CG8388,0.0,0.0
CG8478,0.0,0.0
CG8578,0.5,2.68505806663
CG8765,0.333333333333,3.26063201562
CG8870,0.0,0.40948724968
CG8909,0.0,0.0
CG8924,0.166666666667,1.55144784524
CG8944,0.166666666667,0.634604371613
CG9175,0.333333333333,2.96178643042
CG9215,0.0,0.0
CG9425,0.166666666667,1.2632164718
CG9609,0.5,3.06858185154
CG9650,0.0,0.0
CG9705,0.333333333333,2.50037968514
CG9727,0.333333333333,3.23211334873
CG9776,0.0,0.223531687792
CG9876,0.0,0.0
CG9879,0.0,0.0
CG9890,0.166666666667,1.13284008828
CG9932,0.0,0.0
Chd1,0.0,0.347414293297
Chd3,0.0,0.0
CHES-1-like,0.333333333333,2.35171325097
Chi,0.0,0.0
chif,0.166666666667,0.59563210335
chinmo,0.333333333333,2.55776362737
chm,0.0,0.0
chn,1.0,10.2663228547
ci,0.166666666667,1.43558176507
cic,0.166666666667,0.70750382916
CkIIalpha-i1,0.0,0.0
Clamp,0.166666666667,1.38685400833
Clk,0.0,0.0
cnc,0.0,0.0
Cog7,0.0,0.0
comr,0.0,0.0
Coop,0.0,0.0
CoRest,0.166666666667,1.11282948521
corto,0.833333333333,6.63211848338
Cp190,0.166666666667,0.553194820382
CR10032,0.0,0.0
CR14578,0.0,0.0
CR33221,0.0,0.0
CR43669,0.0,0.0
CR43670,0.0,0.0
CR43671,0.0,0.0
CR44003,0.0,0.0
CR4575,0.0,0.0
crc,0.5,4.63214261145
CrebA,0.0,0.0
CrebB,0.166666666667,0.941085308685
Crg-1,0.0,0.0
crm,0.0,0.0
croc,0.0,0.0
crol,0.333333333333,3.03245987326
crp,0.5,4.26139740818
cry,0.0,0.0
ct,0.0,0.0
CTCF,0.0,0.0
CTPsyn,0.0,0.0
cutlet,0.0,0.0
cwo,0.0,0.0
cyc,0.166666666667,0.718847830576
CycJ,0.0,0.0
CycT,0.166666666667,1.6679108347
CYLD,0.0,0.0
D,0.0,0.0
D19A,0.166666666667,1.49622361583
D19B,0.5,3.17489567161
d4,0.0,0.0
da,0.666666666667,6.5981469974
dac,0.0,0.0
Dad,0.5,3.46816806264
dan,0.0,0.0
danr,0.0,0.0
dar1,0.0,0.0
dati,0.0,0.0
Dbx,0.0,0.0
Deaf1,0.5,4.3658622357
Dek,0.666666666667,6.31396217194
Dfd,0.0,0.0
Dh44-R2,0.166666666667,1.00744697804
Dif,0.166666666667,1.43584666091
dimm,0.0,0.0
disco,0.0,0.0
disco-r,0.0,0.0
dj,0.0,0.0
dl,0.0,0.0
Dlip3,0.333333333333,2.92471909307
Dll,0.5,4.70520202702
dmrt11E,0.166666666667,1.3915032389
dmrt93B,0.0,0.0
dmrt99B,0.0,0.0
DNApol-alpha180,0.0,0.0
DNApol-alpha60,0.0,0.0
DNApol-alpha73,0.0,0.0
DNApol-delta,0.0,0.0
DNApol-epsilon255,0.0,0.0
Doc1,0.0,0.0
Doc2,0.0,0.0
Doc3,0.0,0.0
dom,0.166666666667,1.75481920087
Dp,0.166666666667,1.64853001092
dpa,0.0,0.0
dpn,0.0,0.0
dpy,0.0,0.0
Dr,0.0,0.0
dre4,0.0,0.0
Dref,0.333333333333,2.57841740171
Drgx,0.0,0.0
drm,0.0,0.0
dsf,0.0,0.0
Dsp1,0.666666666667,3.34914674641
dsx,0.0,0.0
dup,0.166666666667,1.23847070341
dve,0.0,0.0
dwg,0.0,0.0
dysf,0.0,0.0
E(bx),0.166666666667,1.03164329076
E(spl)m3-HLH,0.0,0.0
E(spl)m5-HLH,0.0,0.0
E(spl)m7-HLH,0.0,0.0
E(spl)m8-HLH,0.0,0.0
E(spl)mbeta-HLH,0.0,0.0
E(spl)mdelta-HLH,0.0,0.0
E(spl)mgamma-HLH,0.0,0.0
E(var)3-9,0.0,0.0
e(y)1,0.666666666667,4.02422331277
e(y)2,0.166666666667,1.20823395127
e(y)3,0.0,0.0
E(z),0.5,4.4080940601
E2f1,0.0,0.0
E2f2,0.166666666667,1.60336117737
E5,0.0,0.0
ea,0.0,0.0
ebd1,0.166666666667,1.6970526889
ebi,0.0,0.0
ecd,0.333333333333,3.29544416611
EcR,0.166666666667,1.2199170514
edl,0.0,0.0
eg,0.0,0.0
egg,0.333333333333,2.62630966734
Eip74EF,0.0,0.0
Eip75B,0.5,4.3647579949
Eip78C,0.0,0.950071515857
Eip93F,0.5,3.58221861202
elB,0.333333333333,2.72731852118
emc,0.0,0.0
ems,0.0,0.0
en,0.5,5.123922822
enok,0.166666666667,1.62401239582
Ercc1,0.0,0.0
erm,0.0,0.0
ERR,0.333333333333,3.2349613794
esc,0.0,0.0
esg,0.0,0.223531687792
esn,0.0,0.0
Etl1,0.0,0.0
Ets21C,0.0,0.0
Ets65A,0.0,0.0
Ets96B,0.0,0.0
Ets97D,0.333333333333,3.19790643073
Ets98B,0.0,0.0
eve,0.0,0.0
ewg,0.5,4.36383437768
exd,1.0,6.70883488746
exex,0.0,0.0
ey,0.0,0.0
eyg,0.666666666667,5.82953499658
fand,0.333333333333,3.263343539
fd102C,0.0,0.0
fd19B,0.0,0.0
fd3F,0.0,0.0
fd59A,0.0,0.0
fd96Ca,0.0,0.0
fd96Cb,0.0,0.0
Fen1,0.0,0.0
Fer1,1.0,10.1447939784
Fer2,0.0,0.0
Fer3,0.0,0.0
fkh,0.0,0.0
FoxK,0.0,0.0
foxo,0.0,0.0
FoxP,0.5,3.99463130865
fru,0.0,0.0
fs(1)h,0.833333333333,6.86438135742
fs(1)K10,0.333333333333,2.89950596345
ft,0.0,0.165653010194
ftz,0.0,0.0
ftz-f1,0.0,0.0
fu2,0.0,0.0
G9a,0.333333333333,3.17201593933
GATAd,0.0,0.0
GATAe,0.0,0.0
gce,0.166666666667,1.19614508687
gcm,0.0,0.0
gcm2,0.0,0.0
gem,0.0,0.0
gl,0.0,0.0
glu,0.0,0.0
Glut4EF,0.166666666667,1.41254754498
Gnf1,0.166666666667,1.65481173892
gol,0.0,0.0
grau,0.0,0.0
grh,0.0,0.0
grn,0.0,0.0
gro,0.0,0.0
gsb,0.0,0.0
gsb-n,0.0,0.0
Gsc,0.0,0.0
gt,0.0,0.0
Gug,0.0,0.0
GV1,0.166666666667,1.45808072425
h,0.0,0.0
H15,0.0,0.0
H2.0,0.0,0.0
ham,0.0,0.0
Hand,0.0,0.0
hang,0.333333333333,1.91387202607
hay,0.0,0.0
hb,0.0,0.0
hbn,0.0,0.0
Hcf,0.333333333333,2.92227655042
HDAC1,0.333333333333,2.78110844808
Hel89B,0.166666666667,0.943437577656
her,0.0,0.0
Hesr,0.0,0.0
Hey,0.166666666667,0.93948515393
HGTX,0.0,0.0
hh,0.0,0.0
HHEX,0.0,0.0
His2Av,1.0,8.29745621775
His3.3A,0.5,3.24688625178
hkb,0.0,0.0
HLH3B,0.0,0.0
HLH4C,0.0,0.0
HLH54F,0.0,0.0
Hmg-2,0.166666666667,1.55883031499
HmgZ,0.833333333333,7.20394963048
Hmr,0.0,0.0
Hmx,0.0,0.0
Hnf4,0.0,0.0
hng1,0.0,0.0
hng2,0.0,0.0
hng3,0.0,0.0
HP1b,0.333333333333,2.97719130014
HP1c,0.333333333333,2.22708844725
HP1e,0.0,0.0
HP6,0.0,0.0
Hr38,0.0,0.165653010194
Hr39,0.0,0.0
Hr4,0.833333333333,8.34942651113
Hr51,0.0,0.0
Hr78,0.166666666667,1.68336031175
Hr83,0.0,0.0
Hr96,0.166666666667,1.86368215366
Hsf,0.5,3.94829150395
Hsp60D,0.0,0.0
hth,0.666666666667,6.01399151824
htk,0.166666666667,1.66467912303
ind,0.0,0.0
Ino80,0.166666666667,1.36555593929
inv,0.833333333333,4.45069728992
Irbp,0.0,0.0
Iswi,0.5,3.43268163093
Jarid2,0.5,4.09482291517
jim,0.5,3.58016035601
jing,0.166666666667,1.14646362544
jnj,0.0,0.0
Jra,0.166666666667,1.51903142705
jumu,0.0,0.0
Kah,0.0,0.0
kay,0.166666666667,1.5723563269
Kdm2,0.5,3.99274772694
ken,0.0,0.0
key,0.166666666667,0.799830969572
kin17,0.0,0.0
kis,0.666666666667,5.98240678003
Klf15,0.0,0.0
klu,0.0,0.0
kn,0.166666666667,1.05557398369
kni,0.166666666667,0.942534364507
knrl,0.0,0.0
Kr,0.0,0.0
Kr-h1,0.0,0.0
kto,0.0,0.0
ktub,0.166666666667,1.41470439944
kz,0.0,0.0
l(1)10Bb,0.333333333333,2.0291239774
l(1)sc,0.0,0.0
l(2)k10201,0.0,0.0
l(3)mbt,0.0,0.262807922983
l(3)neo38,0.333333333333,2.39691103659
lab,0.0,0.0
lbe,0.0,0.0
lbl,0.0,0.0
lds,0.0,0.0
Lhr,0.0,0.0
lid,0.333333333333,2.75655785796
Lig4,0.0,0.0
lilli,0.166666666667,1.46421085327
Lim1,0.0,0.0
Lim3,0.0,0.0
lin-28,0.0,0.0
lmd,0.0,0.0
Lmpt,0.0,0.0
lms,0.0,0.0
lola,0.833333333333,6.62281646061
lolal,0.666666666667,5.46387736282
lov,0.0,0.0
Lpt,0.333333333333,2.19098578462
luna,0.166666666667,1.64595907856
lz,0.0,0.0
M1BP,0.166666666667,1.66463705476
Mad,0.333333333333,2.84833459014
maf-S,0.166666666667,1.80448404827
mamo,0.666666666667,5.83087893037
Max,0.166666666667,0.706446906108
MBD-like,0.5,3.85414021671
MBD-R2,0.166666666667,1.63418285387
mbf1,0.833333333333,6.87500861356
mbl,1.0,9.55813900406
Mcm2,0.0,0.0
Med,0.666666666667,6.43925534273
MED17,0.166666666667,1.58556739036
MED23,0.0,0.0
MED26,0.0,0.0
MED27,0.0,0.0
MED31,0.166666666667,1.4137919794
MED7,0.333333333333,2.68127122585
Mef2,0.0,0.0
mei-9,0.0,0.0
Meics,0.166666666667,1.66027556197
MEP-1,0.333333333333,1.88031124095
MESR4,0.0,0.0
Met,0.0,0.0
MFS18,0.0,0.0
Mi-2,0.0,0.0
mid,0.0,0.0
mip120,0.166666666667,1.6087447426
mip130,0.0,0.0
mirr,0.0,0.0
mld,0.166666666667,1.46667391325
Mlh1,0.0,0.0
Mms19,0.0,0.0
Mnt,0.333333333333,1.56487539448
mod,0.333333333333,3.13456216459
mod(mdg4),0.5,4.71743374452
Mondo,0.166666666667,1.05908722695
mre11,0.0,0.0
MRG15,0.0,0.0
mrn,0.0,0.0
mRpL55,0.166666666667,1.27533685531
Mrtf,0.0,0.0
msl-1,0.166666666667,1.50736355114
msl-2,0.166666666667,1.59066156201
msl-3,0.0,0.0
Msp300,0.833333333333,6.21129153985
MTA1-like,0.166666666667,1.47047706017
MTF-1,0.0,0.276716932952
Mtp,0.0,0.0
mxc,0.0,0.0
Myb,0.5,4.20479009519
Myc,0.666666666667,5.23766561401
nab,0.0,0.0
nau,0.0,0.0
NC2alpha,0.166666666667,1.52253519562
NC2beta,0.0,0.0
nej,0.166666666667,0.868248012637
nerfin-1,0.0,0.0
nerfin-2,0.0,0.0
net,0.0,0.0
Neu2,0.0,0.0
neur,0.166666666667,1.63859984974
Nf-YA,0.0,0.0
Nf-YB,0.166666666667,0.779171496575
Nf-YC,0.166666666667,1.65438860541
NFAT,0.166666666667,0.905348840452
NfI,0.166666666667,0.847715568035
NK7.1,0.333333333333,2.29786854622
Nlp,0.333333333333,2.23033550233
noc,0.333333333333,2.97322601325
nom,0.0,0.0
not,0.0,0.0
Not1,0.333333333333,2.58168021049
Not3,0.333333333333,2.65712063407
Nph,0.333333333333,2.51376087245
Nprl2,0.0,0.0
nub,0.0,0.0
numb,0.0,0.0
nvy,0.166666666667,1.09573248233
Oaz,0.0,0.0
oc,0.0,0.0
odd,0.0,0.0
OdsH,0.0,0.0
Ogg1,0.0,0.0
Oli,0.166666666667,1.27625179327
onecut,0.166666666667,1.39999250295
opa,0.0,0.0
Opbp,0.0,0.0
Optix,0.0,0.0
Orc1,0.0,0.0
org-1,0.0,0.0
ORY,0.0,0.0
osa,0.333333333333,2.85594272296
otp,0.0,0.0
ouib,0.0,0.0
ovo,0.0,0.0
p53,0.0,0.0
pad,0.0,0.223531687792
pan,0.166666666667,0.821436694947
Parp,0.5,3.12300356893
pb,0.0,0.0
Pbp95,0.166666666667,1.64831815173
Pcl,0.166666666667,1.7375493878
pcm,0.333333333333,3.54661910298
PCNA,0.0,0.0
pdm2,0.0,0.0
pdm3,0.333333333333,2.85874249483
Pdp1,1.0,7.72060568443
peb,0.666666666667,6.0165779001
Pep,0.333333333333,3.15020513568
PGRP-LC,0.0,0.0
ph-p,0.0,0.0
PHDP,0.0,0.0
pho,0.0,0.0
phol,0.166666666667,1.69871687502
pit,0.0,0.0
pita,0.0,0.0
pk,0.0,0.0
Plzf,0.166666666667,1.21062339966
pnr,0.0,0.0
pnt,0.0,0.0
PNUTS,0.166666666667,1.69570168183
Pop2,0.166666666667,1.36654362108
Poxm,0.0,0.0
Poxn,0.0,0.0
Pph13,0.0,0.0
pps,0.0,0.0
prd,0.0,0.0
pros,0.0,0.0
Psc,0.0,0.0
psq,0.5,3.56744761948
Ptp99A,0.833333333333,6.2048726703
Ptx1,0.0,0.0
pygo,0.0,0.0
pzg,0.166666666667,1.42429400515
r,0.166666666667,0.81985762581
Rabex-5,0.0,0.0
Rad17,0.0,0.0
ranshi,0.0,0.0
Rat1,0.166666666667,1.89231647743
Ravus,0.0,0.0
Rbf,0.0,0.0
Rbf2,0.166666666667,0.642521097412
Rbsn-5,0.0,0.0
ref(2)P,0.666666666667,6.06740000492
Rel,0.166666666667,1.40650941012
repo,0.0,0.0
REPTOR,0.166666666667,1.54563113265
REPTOR-BP,0.5,3.43514508019
retn,0.0,0.0
RfC4,0.0,0.0
Rfx,1.0,8.72049590868
Rga,0.5,3.06702613318
rgr,0.166666666667,1.70207825132
rib,0.0,0.0
rn,0.0,0.0
rno,0.166666666667,1.44103295814
ro,0.0,0.0
row,0.0,0.483919350895
Rpb10,0.5,2.88669955919
Rpb11,0.0,0.0
RpI1,0.0,0.0
RpI12,0.166666666667,0.668549531685
RpI135,0.0,0.0
RpII15,0.333333333333,2.50969115665
RpIII128,0.0,0.0
RpL40,1.0,9.93828025553
RpL7-like,0.0,0.0
RpS27A,1.0,8.4269464611
RpS3,0.833333333333,6.88345954095
Rrp1,0.166666666667,0.80815697466
Rrp42,0.0,0.0
run,0.0,0.0
RunxA,0.0,0.0
RunxB,0.0,0.0
Rx,0.0,0.0
sage,0.0,0.0
salm,0.0,0.0
salr,0.0,0.0
sba,0.0,0.0
sbb,0.5,3.22764166644
sc,0.0,0.0
scat,0.166666666667,1.37655216956
schlank,0.833333333333,6.78238912569
Scm,0.333333333333,3.03061699764
Scr,0.0,0.0
scro,0.0,0.0
scrt,0.833333333333,7.16217513192
sd,0.5,4.01026707606
sens,0.0,0.0
sens-2,0.0,0.0
Set1,0.333333333333,2.41646355143
Set2,0.166666666667,0.684142693208
SF2,0.666666666667,5.82609183334
Sfmbt,0.0,0.0
shn,0.166666666667,1.30441969227
Sidpn,0.0,0.0
sim,0.0,0.0
sima,0.166666666667,1.46168822495
Sin3A,0.5,2.45701767998
Sirt6,0.0,0.0
Sirt7,0.0,0.0
sisA,0.0,0.0
Six4,0.0,0.0
slbo,0.0,0.0
slmo,0.166666666667,0.632673234613
slou,0.0,0.0
slp1,0.5,4.66266924452
slp2,0.333333333333,3.45029374184
SMC1,0.5,4.6902523179
SMC2,0.0,0.0
SMC3,0.166666666667,1.52041844684
SMC5,0.0,0.0
Smox,0.5,4.40767288353
Smr,0.666666666667,4.65130235752
sna,0.0,0.0
sno,0.166666666667,1.30249700842
Snoo,0.0,0.0
Snr1,0.166666666667,1.54071522048
so,0.0,0.0
sob,0.0,0.0
Sos,0.5,4.01435508487
Sox100B,0.0,0.0
Sox102F,0.0,0.0
Sox14,0.0,0.0
Sox15,0.0,0.0
Sox21a,0.0,0.0
Sox21b,0.0,0.0
SoxN,0.0,0.0
Sp1,1.0,8.60583757104
spen,0.333333333333,3.20616280935
spn-E,0.0,0.0
Spps,0.0,0.0
Spt3,0.0,0.0
sqz,0.166666666667,1.35926170081
sr,0.0,0.0
SREBP,0.333333333333,2.48448454148
srp,0.0,0.0
Sry-delta,0.166666666667,0.995305178927
ss,0.0,0.0
Ssb-c31a,0.166666666667,1.65285593163
Ssl1,0.166666666667,1.36107693
Ssrp,0.5,3.96309154773
Stat92E,0.5,3.82518595537
stc,0.333333333333,2.42974922592
stwl,0.0,0.17614499037
Su(H),0.166666666667,2.08623579214
su(Hw),0.0,0.0
Su(var)2-10,0.833333333333,5.86226636443
Su(var)205,0.833333333333,6.96326873322
Su(var)3-7,0.166666666667,1.29972428519
Su(z)12,0.0,0.0
Su(z)2,0.0,0.0
sug,0.0,0.0
sv,0.0,0.0
svp,0.0,0.0
Tab2,0.0,0.0
Taf1,0.166666666667,1.1111854249
Taf10,0.166666666667,1.21754872026
Taf10b,0.333333333333,2.31118258516
Taf11,0.0,0.0
Taf12,0.5,3.81722203055
Taf2,0.166666666667,1.82306207615
Taf4,0.0,0.40948724968
Taf6,0.333333333333,2.07909724962
Taf7,0.0,0.0
tai,0.666666666667,4.75528700195
tap,0.0,0.0
Tbp,0.166666666667,1.29554687414
tef,0.0,0.0
term,0.0,0.0
TFAM,0.166666666667,1.42716601056
TfAP-2,0.0,0.0
Tfb4,0.166666666667,1.51237727978
TfIIA-L,0.333333333333,2.85319832524
TfIIA-S,0.333333333333,2.21087017694
TfIIA-S-2,0.0,0.0
TfIIB,0.666666666667,4.9447117263
TfIIFalpha,0.333333333333,2.49040030671
TfIIS,0.333333333333,3.11891594842
tgo,0.5,4.82192036505
tHMG1,0.0,0.0
tHMG2,0.0,0.0
tin,0.0,0.0
tio,0.0,0.0
Tip60,0.333333333333,1.9267914714
Tis11,0.0,0.0
tj,0.0,0.0
tll,0.0,0.0
tna,0.333333333333,2.43086144935
toe,0.833333333333,7.86001824785
Top1,0.166666666667,1.29801844537
Top2,0.166666666667,1.51809203471
Top3alpha,0.0,0.0
topi,0.0,0.0
toy,0.0,0.0
trem,0.0,0.0
Trf,0.0,0.0
Trf2,0.5,3.36015593161
Trf4-2,0.0,0.0
trh,0.0,0.0
Trl,0.0,0.0
Trn-SR,0.0,0.17614499037
trr,0.0,0.0
trsn,0.0,0.0
trx,0.666666666667,5.27177014207
tsh,0.0,0.0
ttk,0.0,0.0
tup,0.0,0.0
Tusp,0.666666666667,5.85531390924
twi,0.0,0.0
tx,0.0,0.0
Ubx,0.0,0.0
unc-4,0.0,0.0
unpg,0.0,0.0
Unr,0.666666666667,5.52223309463
Usf,0.0,0.0
ush,0.0,0.0
usp,0.0,0.0
vir,0.333333333333,3.55637578463
vis,0.0,0.0
vnd,0.0,0.40948724968
Vps45,0.0,0.0
vri,0.0,0.0
Vsx1,0.0,0.0
Vsx2,0.0,0.0
vvl,0.0,0.0
wdn,0.0,0.0
wek,0.0,0.0
woc,0.166666666667,1.38185360848
wor,0.0,0.0
Xbp1,0.833333333333,8.55203590408
XNP,0.666666666667,6.24191385345
Xpd,0.0,0.0
XRCC1,0.0,0.0
Xrp1,0.666666666667,6.43676974178
yem,0.166666666667,1.36779637968
YL-1,0.0,0.0
yps,1.0,9.83301754148
z,0.166666666667,1.59258016418
zen,0.0,0.0
zen2,0.0,0.0
zf30C,0.333333333333,3.43575115137
zfh1,0.0,0.0
zfh2,1.0,11.2091044134
Zfrp8,0.333333333333,2.99441628716
Zif,0.0,0.0
ZIPIC,0.0,0.0
